Department,Revenue,COGS,Shipping,Salary,Taxes,Type,Date
HR,476836,257611,15267,45000,25806,BUDGET,22/4/2022
HR,168385,150497,21608,45000,42609,BUDGET,11/8/2023
HR,395972,227804,17647,45000,15541,BUDGET,1/1/2021
HR,258823,168874,27574,45000,41185,BUDGET,9/7/2021
HR,297775,266464,28710,45000,41408,BUDGET,25/7/2025
HR,303861,147007,14111,45000,39911,BUDGET,17/3/2023
HR,342289,221334,18716,45000,46563,BUDGET,26/4/2021
HR,485777,88765,10256,45000,6622,BUDGET,29/4/2024
HR,474032,115215,27149,45000,37921,BUDGET,10/2/2025
HR,234415,54835,28370,45000,13519,BUDGET,9/1/2023
HR,449652,153196,23249,45000,9090,BUDGET,30/6/2025
HR,352377,256744,19309,45000,21032,BUDGET,29/5/2023
HR,368799,102224,7125,45000,13577,BUDGET,8/11/2021
HR,254697,286726,19153,45000,9806,BUDGET,24/11/2025
HR,323992,87131,15535,45000,18081,BUDGET,23/9/2024
HR,114397,286257,29519,45000,6524,BUDGET,22/2/2025
HR,131024,179695,12673,45000,43356,BUDGET,26/2/2022
HR,193848,83591,23030,45000,24956,BUDGET,8/1/2022
HR,165953,158319,14064,45000,32529,BUDGET,29/6/2024
HR,126641,207504,26969,45000,42219,BUDGET,27/3/2021
HR,400638,234402,5235,45000,31657,BUDGET,30/3/2024
HR,373237,141267,21907,45000,44964,BUDGET,15/5/2021
HR,449044,251245,10373,45000,24933,BUDGET,31/5/2025
HR,399985,234943,14184,45000,9853,BUDGET,23/11/2024
HR,132217,149657,17199,45000,11645,BUDGET,3/9/2022
HR,257164,296009,5077,45000,25609,BUDGET,11/8/2024
HR,463186,285365,24216,45000,22685,BUDGET,4/2/2024
HR,327897,292348,24729,45000,21241,BUDGET,20/2/2022
HR,221172,246617,10560,45000,25079,BUDGET,11/6/2023
HR,330785,298683,28624,45000,16053,BUDGET,20/6/2021
HR,307869,226615,13007,45000,13646,BUDGET,23/6/2024
HR,276089,284677,28321,45000,27116,BUDGET,27/6/2021
HR,251836,54809,22988,45000,43243,BUDGET,17/3/2024
HR,337549,89298,16479,45000,13070,BUDGET,14/11/2021
HR,117955,269536,23574,45000,7711,BUDGET,17/11/2024
HR,313945,261791,16111,45000,46360,BUDGET,30/11/2025
HR,174460,217658,7674,45000,10319,BUDGET,12/10/2025
HR,151991,96540,23410,45000,34975,BUDGET,29/10/2023
HR,187235,71732,6062,45000,14984,BUDGET,28/4/2022
HR,213429,171790,25119,45000,11722,BUDGET,2/2/2023
HR,382502,86187,28325,45000,40737,BUDGET,11/7/2024
HR,205864,75289,10240,45000,6645,BUDGET,15/7/2021
HR,202795,233401,24029,45000,28393,BUDGET,12/6/2025
HR,159101,204865,15954,45000,18859,BUDGET,29/6/2023
HR,219180,105393,20374,45000,40111,BUDGET,13/3/2025
HR,125351,107091,8391,45000,22029,BUDGET,30/5/2024
HR,106801,297666,5793,45000,30064,BUDGET,30/10/2025
HR,129592,267841,9432,45000,14524,BUDGET,2/9/2021
HR,368093,61023,28275,45000,31737,BUDGET,15/9/2022
HR,440976,172402,13659,45000,23922,BUDGET,11/4/2023
HR,224862,280907,18623,45000,18490,BUDGET,21/12/2021
HR,281372,164821,10870,45000,9757,BUDGET,1/2/2022
HR,339833,100990,23935,45000,9425,BUDGET,23/5/2023
HR,177575,92918,13150,45000,12973,BUDGET,2/11/2021
HR,258823,74285,10984,45000,36463,BUDGET,29/10/2024
HR,239788,53709,19178,45000,44224,BUDGET,14/9/2021
HR,132097,116040,9621,45000,46914,BUDGET,8/12/2021
HR,101542,203487,27550,45000,33921,BUDGET,24/12/2025
HR,290710,219160,29818,45000,29160,BUDGET,15/2/2023
HR,379163,88413,8596,45000,7717,BUDGET,22/6/2022
HR,281408,76962,16314,45000,38595,BUDGET,3/3/2021
HR,166234,254625,27126,45000,42904,BUDGET,19/3/2025
HR,406063,251412,18917,45000,11150,BUDGET,17/5/2023
HR,194704,155570,5009,45000,25607,BUDGET,22/11/2023
HR,116364,56970,6917,45000,12083,BUDGET,11/10/2023
HR,364512,223416,13717,45000,48082,BUDGET,27/10/2021
HR,465177,55569,25609,45000,6750,BUDGET,24/9/2025
IT,365517,194528,15161,60000,44952,BUDGET,5/4/2024
IT,276615,83307,6605,60000,49039,BUDGET,16/12/2022
IT,241564,264532,22055,60000,22368,BUDGET,12/2/2021
IT,278031,56949,26951,60000,39888,BUDGET,28/2/2025
IT,419602,142193,27797,60000,16664,BUDGET,5/7/2024
IT,444894,156357,13258,60000,12311,BUDGET,22/7/2022
IT,187922,130219,21748,60000,41368,BUDGET,26/11/2021
IT,189930,95002,15147,60000,16918,BUDGET,24/10/2025
IT,428761,210775,6761,60000,42641,BUDGET,28/10/2022
IT,404119,243752,14765,60000,18221,BUDGET,29/9/2023
IT,400657,64489,28930,60000,41397,BUDGET,5/8/2024
IT,189780,105123,8228,60000,49623,BUDGET,18/8/2025
IT,319295,50404,14865,60000,40954,BUDGET,11/12/2023
IT,322866,233808,11168,60000,25908,BUDGET,4/7/2022
IT,437497,87744,26852,60000,35987,BUDGET,17/6/2024
IT,277247,152023,19277,60000,45411,BUDGET,21/11/2022
IT,472370,178778,7048,60000,42334,BUDGET,4/9/2023
IT,121689,152468,19382,60000,5338,BUDGET,30/8/2025
IT,251222,127709,23381,60000,36987,BUDGET,4/1/2025
IT,240734,285418,15589,60000,24694,BUDGET,21/1/2023
IT,297392,76790,15488,60000,41244,BUDGET,3/7/2021
IT,173847,160133,12561,60000,29861,BUDGET,16/7/2022
IT,460260,111813,11469,60000,27419,BUDGET,29/7/2023
IT,456902,265863,25673,60000,41220,BUDGET,17/6/2023
IT,127350,95106,13162,60000,21725,BUDGET,11/5/2024
IT,478496,169156,20679,60000,18087,BUDGET,22/10/2022
IT,179459,204458,14446,60000,14130,BUDGET,6/4/2025
IT,154748,65485,17394,60000,42430,BUDGET,8/8/2021
IT,252617,175911,25103,60000,29791,BUDGET,24/8/2025
IT,337027,220883,16104,60000,11960,BUDGET,6/7/2025
IT,200235,73959,24123,60000,17342,BUDGET,9/10/2022
IT,308124,192709,17999,60000,24541,BUDGET,18/12/2025
IT,477812,138092,15161,60000,20328,BUDGET,18/2/2021
IT,212856,103682,16302,60000,29058,BUDGET,23/1/2025
IT,389336,268441,11371,60000,33470,BUDGET,31/7/2025
IT,203150,187326,7116,60000,32935,BUDGET,6/11/2025
IT,123289,162816,11283,60000,34378,BUDGET,29/8/2023
IT,286141,131317,13389,60000,5481,BUDGET,4/2/2025
IT,309141,274786,15478,60000,40840,BUDGET,27/7/2021
IT,451732,174454,24282,60000,34373,BUDGET,30/7/2024
IT,445757,102638,16475,60000,32952,BUDGET,28/6/2022
IT,218015,78295,28954,60000,32306,BUDGET,9/3/2021
IT,139954,188013,10788,60000,39008,BUDGET,25/3/2025
IT,416242,237872,16260,60000,25587,BUDGET,13/5/2025
IT,497827,122474,25618,60000,48861,BUDGET,17/10/2023
IT,320156,213121,23520,60000,26874,BUDGET,17/9/2024
IT,128251,200159,11371,60000,28570,BUDGET,3/8/2022
IT,363206,298592,11359,60000,25491,BUDGET,6/8/2025
IT,458896,89081,13472,60000,7443,BUDGET,13/1/2021
IT,430594,109494,6970,60000,43890,BUDGET,29/1/2025
IT,103267,293806,26204,60000,40796,BUDGET,17/7/2024
IT,156958,69870,15160,60000,8797,BUDGET,2/6/2021
IT,188668,71949,16157,60000,34402,BUDGET,5/6/2024
IT,109435,77532,21389,60000,36821,BUDGET,29/3/2023
IT,291766.5,96427,15554,60000,15093,BUDGET,9/11/2022
IT,409439,175917,11565,60000,16046,BUDGET,23/10/2024
Marketing,265656,264357,17891,55000,20343,BUDGET,2/4/2021
Marketing,418717,108141,5846,55000,46874,BUDGET,23/6/2023
Marketing,472771,238871,22022,55000,45738,BUDGET,8/10/2021
Marketing,118888,123963,16954,55000,30712,BUDGET,11/10/2024
Marketing,151293,168012,19043,55000,17175,BUDGET,17/4/2023
Marketing,125945,188186,17910,55000,43258,BUDGET,22/8/2022
Marketing,330229,78016,10126,55000,6990,BUDGET,27/12/2021
Marketing,384821,248713,6531,55000,24097,BUDGET,7/2/2022
Marketing,104000,148142,6342,55000,39072,BUDGET,22/1/2024
Marketing,301660,190932,15568,55000,28752,BUDGET,29/1/2024
Marketing,172991,218152,11981,55000,49409,BUDGET,3/5/2021
Marketing,445186,87626,26526,55000,33769,BUDGET,4/11/2024
Marketing,319963,173961,22660,55000,41980,BUDGET,20/9/2021
Marketing,120056,212993,23117,55000,20708,BUDGET,10/12/2022
Marketing,373318,273777,23755,55000,10895,BUDGET,6/9/2025
Marketing,351451,274117,13152,55000,36195,BUDGET,3/4/2022
Marketing,178781,226517,29579,55000,46124,BUDGET,23/4/2023
Marketing,155609,86395,13172,55000,15395,BUDGET,13/2/2022
Marketing,218834,73960,10122,55000,10299,BUDGET,2/1/2022
Marketing,224019,269930,5666,55000,12783,BUDGET,31/1/2021
Marketing,354079,223420,26508,55000,44915,BUDGET,21/3/2021
Marketing,200386,215888,24019,55000,45809,BUDGET,5/5/2024
Marketing,348710,80355,27195,55000,37409,BUDGET,26/9/2021
Marketing,159163,264323,23588,55000,29354,BUDGET,24/4/2025
Marketing,262049,125880,17977,55000,29557,BUDGET,16/11/2023
Marketing,109540,70309,6828,55000,6279,BUDGET,5/10/2023
Marketing,266807,156884,12804,55000,29762,BUDGET,17/10/2024
Marketing,263852.5,205576,19369,55000,38536,BUDGET,16/8/2022
Marketing,453151,181456,27422,55000,33529,BUDGET,5/12/2023
Marketing,242038,280590,20034,55000,9971,BUDGET,14/12/2021
Marketing,473632,177016,16613,55000,15682,BUDGET,3/1/2023
Marketing,431593,250244,14310,55000,36889,BUDGET,5/3/2024
Marketing,457429,178148,8086,55000,42011,BUDGET,22/3/2022
Marketing,295967,103413,6120,55000,39020,BUDGET,6/5/2025
Marketing,151934,144456,15789,55000,33145,BUDGET,30/4/2025
Marketing,214548,284340,11767,55000,35678,BUDGET,28/12/2022
Marketing,226141,292804,27890,55000,33734,BUDGET,26/1/2022
Marketing,182745,188311,20524,55000,29027,BUDGET,24/7/2024
Marketing,358067,206542,18013,55000,39393,BUDGET,20/10/2021
Marketing,468035,99922,19060,55000,26172,BUDGET,4/9/2024
Operations,300968,125745,5419,52000,18350,BUDGET,18/4/2025
Operations,303664,187162,16397,52000,27297,BUDGET,12/12/2025
Operations,297459,123477,7891,52000,17254,BUDGET,12/9/2025
Operations,467654,275318,27877,52000,39622,BUDGET,2/8/2021
Operations,406955,51252,17790,52000,13942,BUDGET,23/12/2024
Operations,167215,105284,22447,52000,40822,BUDGET,27/2/2023
Operations,215294,143105,8266,52000,15380,BUDGET,25/1/2021
Operations,182986,60916,12984,52000,31665,BUDGET,11/3/2024
Operations,213632,70559,18503,52000,29917,BUDGET,28/3/2022
Operations,311810,63843,11229,52000,31838,BUDGET,16/5/2022
Operations,105486,147239,22334,52000,46131,BUDGET,19/5/2025
Operations,320552,175899,7472,52000,30522,BUDGET,3/10/2022
Operations,105237,155787,22844,52000,24846,BUDGET,3/12/2022
Operations,331915,252846,15789,52000,17182,BUDGET,6/12/2025
Operations,297459,228998,12041,52000,7573,BUDGET,23/12/2023
Operations,170031,289564,20745,52000,13666,BUDGET,20/11/2021
Operations,297459,73833,17941,52000,19596,BUDGET,16/9/2023
Operations,267280,89764,25417,52000,6762,BUDGET,29/12/2024
Operations,129375,70159,24901,52000,36480,BUDGET,15/1/2023
Operations,104014,182396,11376,52000,25530,BUDGET,9/5/2021
Operations,303687,291080,29025,52000,7482,BUDGET,22/5/2022
Operations,226131,189487,17819,52000,20358,BUDGET,17/8/2023
Operations,352764,155616,18046,52000,44986,BUDGET,9/2/2023
Operations,365564,231415,14911,52000,29938,BUDGET,7/1/2021
Operations,326507,99407,5117,52000,22327,BUDGET,11/5/2023
Operations,432460,194188,5055,52000,30150,BUDGET,14/10/2021
Operations,203481,222502,25590,52000,23449,BUDGET,9/8/2022
Operations,184076,69963,12863,52000,6341,BUDGET,12/8/2025
Operations,316139,128752,7590,52000,25059,BUDGET,21/2/2023
Operations,231373,243928,23271,52000,15457,BUDGET,19/1/2021
Operations,214585,251152,10951,52000,9263,BUDGET,11/6/2024
Operations,242202,297940,18946,52000,31212,BUDGET,24/6/2025
Operations,492942,111529,22260,52000,21438,BUDGET,15/11/2022
Operations,465890,272864,8900,52000,5126,BUDGET,14/4/2021
Operations,284078,284286,6906,52000,24816,BUDGET,16/3/2022
Sales,250262,136188,25527,50000,7708,BUDGET,20/8/2021
Sales,351492,100612,23378,50000,16372,BUDGET,16/2/2024
Sales,171180,218513,8687,50000,20850,BUDGET,10/1/2025
Sales,274358,273306,9018,50000,17112,BUDGET,17/1/2025
Sales,116964,228677,18918,50000,8300,BUDGET,27/1/2023
Sales,226020,120390,7243,50000,25581,BUDGET,6/6/2025
Sales,170313,203772,28333,50000,32696,BUDGET,4/3/2022
Sales,260196,106178,13837,50000,5822,BUDGET,5/5/2023
Sales,193008,103932,23944,50000,45760,BUDGET,17/5/2024
Sales,118070,216981,23777,50000,49327,BUDGET,21/5/2021
Sales,456441,198172,10415,50000,20646,BUDGET,24/5/2024
Sales,466326,68017,25128,50000,7106,BUDGET,10/11/2023
Sales,170640,69198,24096,50000,34077,BUDGET,29/11/2024
Sales,291232,185230,17607,50000,38572,BUDGET,22/9/2023
Sales,123049,218964,18746,50000,47880,BUDGET,17/7/2023
Sales,127663,267776,11988,50000,22771,BUDGET,23/10/2023
Sales,103051,143396,10750,50000,26566,BUDGET,9/4/2022
Sales,295004,242958,5922,50000,23023,BUDGET,12/4/2025
Sales,459523,77712,14333,50000,24978,BUDGET,5/8/2023
Sales,289407,105479,27412,50000,26520,BUDGET,19/7/2025
Sales,288751,201456,19594,50000,24063,BUDGET,4/11/2023
Sales,138756,165765,11943,50000,11819,BUDGET,5/10/2024
Sales,452996,128859,12943,50000,33865,BUDGET,28/8/2022
Sales,289407,222015,7219,50000,32856,BUDGET,17/12/2023
Sales,186672,288964,14795,50000,47460,BUDGET,10/7/2022
Sales,218324,295897,18429,50000,40772,BUDGET,13/7/2025
Sales,310677,51015,27700,50000,28236,BUDGET,23/7/2023
Sales,239407,92318,7336,50000,14650,BUDGET,25/5/2025
Sales,185999,223880,9670,50000,28150,BUDGET,10/11/2024
Sales,238877,134665,8812,50000,31399,BUDGET,27/11/2022
Sales,462937,112292,11233,50000,16382,BUDGET,10/9/2023
Sales,406569,224016,14510,50000,29063,BUDGET,29/9/2024
Sales,107543,224197,21984,50000,24250,BUDGET,29/8/2024
Sales,224046,111629,11809,50000,11783,BUDGET,2/12/2021
Sales,287628,208427,10622,50000,15998,BUDGET,22/12/2022
Sales,465835,73574,19231,50000,13996,BUDGET,22/2/2024
Sales,310706,249938,21616,50000,33071,BUDGET,28/7/2022
Sales,194476,67640,9632,50000,32965,BUDGET,9/6/2022
Sales,333841,102528,11288,50000,7079,BUDGET,16/6/2022
Sales,397921,270411,23977,50000,8368,BUDGET,27/5/2021
Sales,325913,59337,15167,50000,39249,BUDGET,3/11/2022
Sales,488318,64388,8756,50000,16344,BUDGET,18/9/2025
Sales,136631,238926,28061,50000,32632,BUDGET,20/4/2021
Sales,453824,241172,13512,50000,46196,BUDGET,16/1/2024
Sales,289407,211426,22680,50000,46949,BUDGET,10/5/2022
Sales,160692,144074,22449,50000,16555,BUDGET,10/9/2024
Sales,494366,271541,20913,50000,43565,BUDGET,27/9/2022
Sales,296489,292926,9208,50000,39177,BUDGET,23/8/2023
Sales,319798,65254,6248,50000,26792,BUDGET,11/12/2024
Sales,383821,74071,5814,50000,21774,BUDGET,31/12/2025
Sales,388790,106570,18703,50000,36419,BUDGET,5/7/2023
Sales,493002,236201,15453,50000,24256,BUDGET,21/7/2021
Sales,320184,93088,9612,50000,28051,BUDGET,18/6/2025
Sales,303339,198216,10779,50000,42641,BUDGET,12/11/2025
Sales,372791,190507,18568,50000,36880,BUDGET,8/9/2021
HR,427535.72,247867.78,24266.21,45000,17321.57,ACTUAL,22/4/2022
HR,165858.61,160565,10908.58,45000,11998.68,ACTUAL,11/8/2023
HR,339936.61,208460.71,29415.57,45000,10913.48,ACTUAL,1/1/2021
HR,276597.78,188591.37,14329.98,45000,4555.54,ACTUAL,9/7/2021
HR,295358.62,248370.71,26583.32,45000,5339.01,ACTUAL,25/7/2025
HR,321865.78,155013.27,19556.59,45000,20302.63,ACTUAL,17/3/2023
HR,296538.34,203195.59,29542.39,45000,3756.79,ACTUAL,26/4/2021
HR,492397.07,85291.68,39998.98,45000,51004.39,ACTUAL,29/4/2024
HR,411512.74,115898.75,39862.99,45000,52247.38,ACTUAL,10/2/2025
HR,247582.15,62647.78,22623.29,45000,27575.33,ACTUAL,9/1/2023
HR,385936.66,154276.02,33315.24,45000,35092.29,ACTUAL,30/6/2025
HR,365019.25,273294.06,27161.83,45000,3832.93,ACTUAL,29/5/2023
HR,340798.68,116826.57,23525.73,45000,23693.01,ACTUAL,8/11/2021
HR,251359.98,296256.61,25089.93,45000,17455.04,ACTUAL,24/11/2025
HR,337836.33,90775.52,24314.16,45000,39286.33,ACTUAL,23/9/2024
HR,110963.34,264468.21,6462.59,45000,33333.14,ACTUAL,22/2/2025
HR,143837.12,205293.5,11551.94,45000,22856.45,ACTUAL,26/2/2022
HR,202878.65,78649.18,13654.74,45000,11056.56,ACTUAL,8/1/2022
HR,181883.56,174270.66,16357.83,45000,12801.65,ACTUAL,29/6/2024
HR,111462.03,238439.42,10006.22,45000,38280.03,ACTUAL,27/3/2021
HR,420150.03,212030.24,21447.5,45000,33916.2,ACTUAL,30/3/2024
HR,391033.24,143478.64,36014.81,45000,30547.37,ACTUAL,15/5/2021
HR,382784.29,257323.05,33706.48,45000,8434.31,ACTUAL,31/5/2025
HR,351717.63,259564.37,32733.83,45000,3189.6,ACTUAL,23/11/2024
HR,116665.47,169631.53,7228.48,45000,24605.41,ACTUAL,3/9/2022
HR,242282.33,275427.95,20066.77,45000,23475.3,ACTUAL,11/8/2024
HR,276597.78,283952.13,30387.98,45000,20857.48,ACTUAL,4/2/2024
HR,292404.93,272678.36,21741.21,45000,9386.29,ACTUAL,20/2/2022
HR,233224.05,224927.78,15447.31,45000,11923.18,ACTUAL,11/6/2023
HR,283185.1,296520.44,25855.76,45000,13870.08,ACTUAL,20/6/2021
HR,282794.24,221362.63,27833.86,45000,1899.56,ACTUAL,23/6/2024
HR,294731.83,326499.58,26261.02,45000,18835.65,ACTUAL,27/6/2021
HR,242479.48,59168,21391.21,45000,19900.01,ACTUAL,17/3/2024
HR,306630.17,84408.42,28792.18,45000,34609.28,ACTUAL,14/11/2021
HR,114461.24,283121.41,10392.78,45000,37501.12,ACTUAL,17/11/2024
HR,330999.89,256838.81,22645.52,45000,1604.66,ACTUAL,30/11/2025
HR,186278.32,224136.58,11199.8,45000,22743.96,ACTUAL,12/10/2025
HR,140628.29,96263.85,7500.07,45000,1889.18,ACTUAL,29/10/2023
HR,195641.12,75626.06,19203.3,45000,8690.2,ACTUAL,28/4/2022
HR,195662.54,191895.54,13854.41,45000,13001.4,ACTUAL,2/2/2023
HR,410625.38,84275.97,40651.3,45000,40009.64,ACTUAL,11/7/2024
HR,202206.68,78652.07,13175.06,45000,11249.28,ACTUAL,15/7/2021
HR,198623.08,218022.19,14514.95,45000,19241.65,ACTUAL,12/6/2025
HR,276597.78,228975.23,9320.94,45000,24605.41,ACTUAL,29/6/2023
HR,224384.53,110309.81,20394.15,45000,10643.17,ACTUAL,13/3/2025
HR,136119.15,99097.21,12078.08,45000,3846.29,ACTUAL,30/5/2024
HR,99844.26,285291.44,6624.33,45000,42488.39,ACTUAL,30/10/2025
HR,130483.12,280720.83,9441.78,45000,46782.6,ACTUAL,2/9/2021
HR,400821.21,62658.95,22473.74,45000,55766.39,ACTUAL,15/9/2022
HR,457812.09,195286.15,41238.27,45000,38237.19,ACTUAL,11/4/2023
HR,229339.41,288970.25,16087.93,45000,23294.58,ACTUAL,21/12/2021
HR,305621.48,175399.9,17306.19,45000,11093.84,ACTUAL,1/2/2022
HR,317329.16,93582.21,17422.68,45000,37207.89,ACTUAL,23/5/2023
HR,163690.37,89144.21,14874.95,45000,2239.12,ACTUAL,2/11/2021
HR,231545.59,67662.73,21845.46,45000,19351.32,ACTUAL,29/10/2024
HR,262812.65,51166.71,19916.99,45000,28023.83,ACTUAL,14/9/2021
HR,126409.34,129696.45,8246.18,45000,13797.96,ACTUAL,8/12/2021
HR,104882.47,216807.22,8354.12,45000,29444.78,ACTUAL,24/12/2025
HR,305058.43,235192.98,15545.66,45000,1461.03,ACTUAL,15/2/2023
HR,394162.54,97379.63,23965.83,45000,51867.36,ACTUAL,22/6/2022
HR,297512.66,78851.33,21575.19,45000,23799.25,ACTUAL,3/3/2021
HR,177044.3,239857.65,10742.26,45000,18608.98,ACTUAL,19/3/2025
HR,358235.87,267202.75,33035.74,45000,2615.73,ACTUAL,17/5/2023
HR,182334.6,148852.08,13786.52,45000,4311.21,ACTUAL,22/11/2023
HR,126174.31,56492.33,11955.76,45000,2542.46,ACTUAL,11/10/2023
HR,342151.21,211110.42,19098.31,45000,12280.67,ACTUAL,27/10/2021
HR,401444.41,53160.87,35346.99,45000,51512.1,ACTUAL,24/9/2025
IT,374077.61,184596.27,20240.81,60000,23533.61,ACTUAL,5/4/2024
IT,293986.9,81389.48,21310.88,60000,21190.91,ACTUAL,16/12/2022
IT,257389.02,250122.8,15455.36,60000,14239.27,ACTUAL,12/2/2021
IT,278032.43,60136.14,15732.87,60000,30937.28,ACTUAL,28/2/2025
IT,399601.04,147139.94,25830.65,60000,32117.85,ACTUAL,5/7/2024
IT,403053.68,151265.61,35887.13,60000,37516.59,ACTUAL,22/7/2022
IT,160573.43,133223.08,14499.18,60000,9515.01,ACTUAL,26/11/2021
IT,199508.55,104510.67,13645.79,60000,5035.55,ACTUAL,24/10/2025
IT,404395.43,223375.13,36678.06,60000,14814.97,ACTUAL,28/10/2022
IT,437663.72,219727.72,35827.18,60000,29418.7,ACTUAL,29/9/2023
IT,405832.17,64707.44,36763.72,60000,54232.35,ACTUAL,5/8/2024
IT,169259.21,101815.85,13676.02,60000,1221.82,ACTUAL,18/8/2025
IT,340970.09,53783.75,18494.08,60000,47850.1,ACTUAL,11/12/2023
IT,286858.04,261179.39,23668.67,60000,11525.93,ACTUAL,4/7/2022
IT,415359.04,85218.57,21639.19,60000,53046.85,ACTUAL,17/6/2024
IT,241277.41,155399.68,18422.03,60000,1464.25,ACTUAL,21/11/2022
IT,465434.02,180368.38,42840.21,60000,41401.85,ACTUAL,4/9/2023
IT,122797.29,140486.24,8321.88,60000,17603.39,ACTUAL,30/8/2025
IT,250089.7,143673.36,21613.89,60000,5577.64,ACTUAL,4/1/2025
IT,245429.29,304869.39,21711.96,60000,28560.58,ACTUAL,21/1/2023
IT,254364.54,69881,21732.2,60000,19872.31,ACTUAL,3/7/2021
IT,157524.53,148600.21,8359.43,60000,9287.65,ACTUAL,16/7/2022
IT,421115.3,111928.74,41171.07,60000,49462.55,ACTUAL,29/7/2023
IT,483417.64,304225.32,41993.45,60000,13134.34,ACTUAL,17/6/2023
IT,138520.62,87028.35,8350.63,60000,3883.5,ACTUAL,11/5/2024
IT,289975.88,192491.57,45483,60000,39107.19,ACTUAL,22/10/2022
IT,174097.97,195090.75,15083.86,60000,16594.16,ACTUAL,6/4/2025
IT,145103.79,73235.53,14053,60000,531.57,ACTUAL,8/8/2021
IT,221328.35,161812.59,13147.18,60000,3223.24,ACTUAL,24/8/2025
IT,293093.72,238420.99,29189.35,60000,17670.545,ACTUAL,6/7/2025
IT,197774.98,84407.9,10504.74,60000,7544.45,ACTUAL,9/10/2022
IT,302454.72,221333,28524.44,60000,17670.545,ACTUAL,18/12/2025
IT,507024.16,151545.56,38935.09,60000,50820.57,ACTUAL,18/2/2021
IT,197443.2,113545.41,11623.77,60000,2273.61,ACTUAL,23/1/2025
IT,398043.98,248583.72,23962.96,60000,13495.33,ACTUAL,31/7/2025
IT,214060.43,193882.97,12296.57,60000,12564.72,ACTUAL,6/11/2025
IT,128252.24,179008.61,8045.72,60000,29522.2,ACTUAL,29/8/2023
IT,244051.13,145191.11,24218.04,60000,2886.35,ACTUAL,4/2/2025
IT,324504.01,297130.06,22068.49,60000,12227.86,ACTUAL,27/7/2021
IT,387488.27,168898.69,33867.89,60000,25286.07,ACTUAL,30/7/2024
IT,456457.47,107394.1,36963.65,60000,39462.84,ACTUAL,28/6/2022
IT,187329.8,81336.05,16449.09,60000,6145.24,ACTUAL,9/3/2021
IT,146246.72,203847.16,11011.3,60000,21540.94,ACTUAL,25/3/2025
IT,418131.29,227878.23,35308.79,60000,17140.39,ACTUAL,13/5/2025
IT,508764.97,122356.81,41634.01,60000,45719.74,ACTUAL,17/10/2023
IT,334290.64,197503.33,23936.49,60000,10785.76,ACTUAL,17/9/2024
IT,128024.63,206722.69,6773.55,60000,29565.95,ACTUAL,3/8/2022
IT,381419.57,322803.24,29656.99,60000,5000.62,ACTUAL,6/8/2025
IT,424174.67,83726,22484.28,60000,17670.545,ACTUAL,13/1/2021
IT,415008.67,106067,32059.98,60000,50781.71,ACTUAL,29/1/2025
IT,93713.63,309255.33,7505.91,60000,42813.99,ACTUAL,17/7/2024
IT,168179.62,75856.23,9158.43,60000,5301.57,ACTUAL,2/6/2021
IT,180165.08,73493.6,14808.71,60000,7915.06,ACTUAL,5/6/2024
IT,111627.55,80838.93,6927.61,60000,8838.51,ACTUAL,29/3/2023
IT,390735.29,97746.6,25519.97,60000,35230.21,ACTUAL,9/11/2022
IT,351352.52,182523.85,21036.71,60000,16309.98,ACTUAL,23/10/2024
Marketing,230918.37,302344.65,22251.04,55000,32359.14,ACTUAL,2/4/2021
Marketing,409030.79,108327.76,30186.84,55000,37901.13,ACTUAL,23/6/2023
Marketing,489032.23,222840.83,45270.32,55000,34640.49,ACTUAL,8/10/2021
Marketing,119667.32,126552.14,7423.52,55000,16090.88,ACTUAL,11/10/2024
Marketing,134598.01,180172.99,13187.76,55000,22323.61,ACTUAL,17/4/2023
Marketing,134681.2,175112.24,11414.47,55000,25641.14,ACTUAL,22/8/2022
Marketing,298713.09,77220.89,17527.36,55000,35345.34,ACTUAL,27/12/2021
Marketing,372064.33,244061.45,34639.46,55000,6063.73,ACTUAL,7/2/2022
Marketing,88975.21,134277.47,6020.29,55000,17627.8,ACTUAL,22/1/2024
Marketing,280816.06,188127.58,18204.4,55000,4278.51,ACTUAL,29/1/2024
Marketing,160677.95,198008.53,15481.33,55000,17002.57,ACTUAL,3/5/2021
Marketing,447039.12,92733.53,36787.09,55000,61120.85,ACTUAL,4/11/2024
Marketing,333423.32,183657.87,31998.5,55000,14686.23,ACTUAL,20/9/2021
Marketing,104332.59,193289.74,9841.72,55000,28445.2,ACTUAL,10/12/2022
Marketing,383255.33,307601.52,34182.39,55000,2543.91,ACTUAL,6/9/2025
Marketing,319000.63,269799.87,21812.22,55000,6216.38,ACTUAL,3/4/2022
Marketing,191334.59,242175.75,14233.9,55000,22955.54,ACTUAL,23/4/2023
Marketing,156130.73,94461.55,15010.07,55000,1858.3,ACTUAL,13/2/2022
Marketing,237979.85,77527.66,20168.21,55000,19972.94,ACTUAL,2/1/2022
Marketing,243299.56,308790.83,14297.53,55000,30923.21,ACTUAL,31/1/2021
Marketing,321327.47,213838.34,26749.09,55000,5304.15,ACTUAL,21/3/2021
Marketing,184017.45,244333.11,12715.05,55000,30502.25,ACTUAL,5/5/2024
Marketing,332823.36,85006.76,24911.22,55000,31630.57,ACTUAL,26/9/2021
Marketing,174548.59,280312.66,13164.11,55000,37270.76,ACTUAL,24/4/2025
Marketing,260880.95,125038.23,22663.17,55000,14338.21,ACTUAL,16/11/2023
Marketing,95916.23,68983.43,7957.95,55000,7344.45,ACTUAL,5/10/2023
Marketing,235540.21,172807.43,13207.93,55000,1072.73,ACTUAL,17/10/2024
Marketing,414360.93,187040.42,21915.15,55000,27785.03,ACTUAL,16/8/2022
Marketing,390360.36,190685.24,20331.39,55000,22221.94,ACTUAL,5/12/2023
Marketing,228987.71,283768.05,12375.86,55000,21490.9,ACTUAL,14/12/2021
Marketing,472733.02,189116.48,33425.29,55000,34177.34,ACTUAL,3/1/2023
Marketing,474442.04,273071.46,26056.25,55000,29880.32,ACTUAL,5/3/2024
Marketing,458313.76,167893.71,32051.33,55000,42915.38,ACTUAL,22/3/2022
Marketing,288485.56,107205.6,22574.31,55000,20872.37,ACTUAL,6/5/2025
Marketing,134556.38,151934.99,8729.67,55000,17796.38,ACTUAL,30/4/2025
Marketing,208143.02,270254.75,14234.48,55000,22661.38,ACTUAL,28/12/2022
Marketing,241921.02,282419.23,22044.82,55000,23308.42,ACTUAL,26/1/2022
Marketing,165069.2,203194.66,13060.46,55000,21871.71,ACTUAL,24/7/2024
Marketing,314246.23,232826.15,30334.11,55000,728.88,ACTUAL,20/10/2021
Marketing,270848.505,103048.64,25688.63,55000,55605.95,ACTUAL,4/9/2024
Operations,274034.75,113913.61,21790.53,52000,15360.6,ACTUAL,18/4/2025
Operations,306972.24,199771.43,26431.4,52000,5192.16,ACTUAL,12/12/2025
Operations,386572.47,117052.1,30041.06,52000,46434.88,ACTUAL,12/9/2025
Operations,514177.87,281283.38,27962.09,52000,38207.83,ACTUAL,2/8/2021
Operations,395925.96,51393.31,28913.28,52000,48715.32,ACTUAL,23/12/2024
Operations,177690.26,119618.79,15639.32,52000,1955.23,ACTUAL,27/2/2023
Operations,235265.65$,136637.15,23028.1,52000,4379.04,ACTUAL,25/1/2021
Operations,175034.4,67205.36,14530.5,52000,6775.9,ACTUAL,11/3/2024
Operations,208968.87,72671.78,11977.82,52000,11826.76,ACTUAL,28/3/2022
Operations,340582.47,60134.03,24394.18,52000,35647.85,ACTUAL,16/5/2022
Operations,108188.15,146904.25,10133.57,52000,17271.96,ACTUAL,19/5/2025
Operations,324978.98,201695.91,27495.84,52000,8401.86,ACTUAL,3/10/2022
Operations,107427.48,145647.26,6073.47,52000,20303.69,ACTUAL,3/12/2022
Operations,319660.56,248610.95,23153.18,52000,913.73,ACTUAL,6/12/2025
Operations,324890.51,232633,17415.5,52000,4875.82,ACTUAL,23/12/2023
Operations,146315.64,322457.39,13666.3,52000,42874.28,ACTUAL,20/11/2021
Operations,347963.24,68668.55,33087.16,52000,30397.45,ACTUAL,16/9/2023
Operations,231478.44,99634.93,21319.15,52000,11414.3,ACTUAL,29/12/2024
Operations,121218.2,64790.1,10507.28,52000,1253.05,ACTUAL,15/1/2023
Operations,102440.56,175906.48,7887.7,52000,20783.84,ACTUAL,9/5/2021
Operations,325232.52,264640.58,21332.26,52000,3065.65,ACTUAL,22/5/2022
Operations,236298.15,208807.38,19945.16,52000,7729.71,ACTUAL,17/8/2023
Operations,377336.66,146946.24,27948.27,52000,33440.5,ACTUAL,9/2/2023
Operations,374467.34,222569.35,27433.58,52000,15910.42,ACTUAL,7/1/2021
Operations,344939.69,99254.52,25083.62,52000,26340.17,ACTUAL,11/5/2023
Operations,393406.39,209520.35,23771.79,52000,18211.59,ACTUAL,14/10/2021
Operations,202467.98,252350.96,20194.83,52000,31116.59,ACTUAL,9/8/2022
Operations,165675.31,73083.12,14356.36,52000,5108.26,ACTUAL,12/8/2025
Operations,320758.73,142854.05,20204.8,52000,23336.79,ACTUAL,21/2/2023
Operations,250137.13,272698.31,19539.42,52000,19945.46,ACTUAL,19/1/2021
Operations,306972.24,242159.29,16577.13,52000,20396.8,ACTUAL,11/6/2024
Operations,227102.34,298261.68,14156.18,52000,31116.59,ACTUAL,24/6/2025
Operations,480110.19,114752.08,38982.45,52000,56667.64,ACTUAL,15/11/2022
Operations,435592.59,259189.59,30476.58,52000,16623.29,ACTUAL,14/4/2021
Operations,287603.88,261080.92,21607.19,52000,7810.84,ACTUAL,16/3/2022
Sales,237869.71,136927.53,15527.23,50000,6804.09,ACTUAL,20/8/2021
Sales,358811.41,105143.88,29805.94,50000,40982.29,ACTUAL,16/2/2024
Sales,157014.57,215968.49,13946.41,50000,26437.67,ACTUAL,10/1/2025
Sales,287908.48,262159.94,23841.15,50000,10200.1,ACTUAL,17/1/2025
Sales,115961.97,231178.17,5862.06,50000,27625.18,ACTUAL,27/1/2023
Sales,210563.7,138080.87,12213.45,50000,2211.16,ACTUAL,6/6/2025
Sales,154630.23,206512.2,13644.65,50000,25756.75,ACTUAL,4/3/2022
Sales,223069.11,113049.99,17265.1,50000,8745.04,ACTUAL,5/5/2023
Sales,171345.65,117818.25,9607.23,50000,1219.13,ACTUAL,17/5/2024
Sales,109768.28,242382.56,8347.65,50000,43632.83,ACTUAL,21/5/2021
Sales,437308.68,195775.24,35312.96,50000,38541.57,ACTUAL,24/5/2024
Sales,404228.93,65254.56,23246.58,50000,60469.33,ACTUAL,10/11/2023
Sales,150384.43,77574.53,13884.35,50000,2076.06,ACTUAL,29/11/2024
Sales,293607.13,191920.93,21455.01,50000,5937.2,ACTUAL,22/9/2023
Sales,134775.14,237491.05,12028.79,50000,33268.31,ACTUAL,17/7/2023
Sales,110678.62,287555.76,8931.4,50000,50858.72,ACTUAL,23/10/2023
Sales,92141.2,158771.04,4921.13,50000,26218,ACTUAL,9/4/2022
Sales,258492.11,224475.85,19932.81,50000,8393.85,ACTUAL,12/4/2025
Sales,463429.6,76294.4,41405.2,50000,70371.37,ACTUAL,5/8/2023
Sales,373328.57,121070.27,26160.89,50000,42390.08,ACTUAL,19/7/2025
Sales,296559.7,203908.41,22514.93,50000,3786.48,ACTUAL,4/11/2023
Sales,144341.76,189093.39,14023.35,50000,21441.37,ACTUAL,5/10/2024
Sales,415125.54,130540.58,41173.79,50000,29433.76,ACTUAL,28/8/2022
Sales,319223.15,234197.54,27394.51,50000,1585.43,ACTUAL,17/12/2023
Sales,196744.5,274937.77,11332.73,50000,21397.9,ACTUAL,10/7/2022
Sales,207239.87,317529.74,11389.68,50000,30220.53,ACTUAL,13/7/2025
Sales,313147.93,57117.87,29625.12,50000,30074.95,ACTUAL,23/7/2023
Sales,236991.9,96806.42,19389.39,50000,10854.38,ACTUAL,25/5/2025
Sales,195137.93,254742.05,12546.46,50000,22417.17,ACTUAL,10/11/2024
Sales,216194.63,143649.32,15415.58,50000,1762.47,ACTUAL,27/11/2022
Sales,504947.61,124021.86,26217.55,50000,46534.04,ACTUAL,10/9/2023
Sales,431449.32,215982.94,34795.08,50000,23708.35,ACTUAL,29/9/2024
Sales,117442.16$,211946.78,11321.92,50000,26294.36,ACTUAL,29/8/2024
Sales,245762.91,107365.64,21996.15,50000,11943.74,ACTUAL,2/12/2021
Sales,280088.3,224302.92,16729.99,50000,1807.23,ACTUAL,22/12/2022
Sales,447889.02,76031.42,26541.8,50000,71057.21,ACTUAL,22/2/2024
Sales,305810.39,228511.24,22321.11,50000,816.02,ACTUAL,28/7/2022
Sales,173759.21,68902.01,9605.97,50000,10224.06,ACTUAL,9/6/2022
Sales,316835.31,113912.98,25993.59,50000,24747.8,ACTUAL,16/6/2022
Sales,400496.68,292528.53,32512.03,50000,5619.9,ACTUAL,27/5/2021
Sales,298190.33,66278.22,24082.14,50000,33999.33,ACTUAL,3/11/2022
Sales,529362.62,63154.51,26606.55,50000,62753.93,ACTUAL,18/9/2025
Sales,140892.75,255664.45,8118.35,50000,40197.79,ACTUAL,20/4/2021
Sales,388539.93,245946.11,33754.57,50000,11962.19,ACTUAL,16/1/2024
Sales,250180.97,199112.65,24590.56,50000,4143.93,ACTUAL,10/5/2022
Sales,171483.4,155205.38,11765.19,50000,10548.76,ACTUAL,10/9/2024
Sales,520260.41,254457.22,28641.53,50000,29052.32,ACTUAL,27/9/2022
Sales,259945.3,319456.68,18684.91,50000,25014.16,ACTUAL,23/8/2023
Sales,306231.04,62187.79,19173.75,50000,30425.09,ACTUAL,11/12/2024
Sales,334080.68,76992.79,23244.09,50000,43621.61,ACTUAL,31/12/2025
Sales,358370.89,116757.71,24986.99,50000,30496.18,ACTUAL,5/7/2023
Sales,534792.26,238481.25,33775.14,50000,44594.81,ACTUAL,21/7/2021
Sales,279189.76,99956.6,14089.75,50000,27302.86,ACTUAL,18/6/2025
Sales,263913.64,222005.84,17228.34,50000,5707.15,ACTUAL,12/11/2025
Sales,398297.09,214909.2,31875.6,50000,16428.1,ACTUAL,8/9/2021
